seed,epoch,loss,gradient_norm,train_accuracy,test_accuracy
3,1,0.7108765244483948,0.11449282616376877,0.5,0.45454545454545453
3,2,0.7012333869934082,0.10284829884767532,0.5,0.45454545454545453
3,3,0.6909571886062622,0.1006399467587471,0.5199999809265137,0.45454545454545453
3,4,0.6802833080291748,0.0988338515162468,0.6000000238418579,0.45454545454545453
3,5,0.6697309613227844,0.09585679322481155,0.6600000262260437,0.4090909090909091
3,6,0.6597559452056885,0.09133099764585495,0.6800000071525574,0.4090909090909091
3,7,0.6505584716796875,0.08617210388183594,0.6600000262260437,0.45454545454545453
3,8,0.6422552466392517,0.08047350496053696,0.6399999856948853,0.5
3,9,0.6349560618400574,0.07459906488656998,0.6800000071525574,0.5454545454545454
3,10,0.6287347078323364,0.06897301971912384,0.6600000262260437,0.5454545454545454
3,11,0.6236163377761841,0.06410042941570282,0.6800000071525574,0.5454545454545454
3,12,0.619454562664032,0.06086837500333786,0.6600000262260437,0.5454545454545454
3,13,0.6158725023269653,0.060199081897735596,0.6600000262260437,0.5454545454545454
3,14,0.6124269366264343,0.06223845109343529,0.6600000262260437,0.6363636363636364
3,15,0.6087722778320312,0.06631050258874893,0.6600000262260437,0.6363636363636364
3,16,0.6046857237815857,0.07134540379047394,0.6600000262260437,0.6363636363636364
3,17,0.6000876426696777,0.07628802210092545,0.6600000262260437,0.6818181818181818
3,18,0.5949997305870056,0.08039334416389465,0.6600000262260437,0.6363636363636364
3,19,0.5894438028335571,0.08342494815587997,0.699999988079071,0.6363636363636364
3,20,0.583395779132843,0.08540765941143036,0.699999988079071,0.6363636363636364
3,21,0.5769208669662476,0.08616354316473007,0.699999988079071,0.6363636363636364
3,22,0.5702090263366699,0.08572909981012344,0.699999988079071,0.6363636363636364
3,23,0.5634936094284058,0.0844113677740097,0.699999988079071,0.6363636363636364
3,24,0.5570029616355896,0.0825919508934021,0.699999988079071,0.6363636363636364
3,25,0.5509180426597595,0.08060029149055481,0.699999988079071,0.6363636363636364
3,26,0.545321524143219,0.07867041975259781,0.699999988079071,0.6363636363636364
3,27,0.5401628613471985,0.0769345834851265,0.699999988079071,0.6363636363636364
3,28,0.5352776050567627,0.0754363089799881,0.7200000286102295,0.6363636363636364
3,29,0.5304741263389587,0.07418237626552582,0.7200000286102295,0.6363636363636364
3,30,0.525627851486206,0.0732199028134346,0.7200000286102295,0.6363636363636364
3,31,0.5207095146179199,0.07268683612346649,0.7200000286102295,0.6363636363636364
3,32,0.5157418251037598,0.07280384749174118,0.7200000286102295,0.6363636363636364
3,33,0.5107177495956421,0.07378785312175751,0.7200000286102295,0.6363636363636364
3,34,0.5055186152458191,0.07568495720624924,0.7200000286102295,0.6363636363636364
3,35,0.4998941123485565,0.07822568714618683,0.7200000286102295,0.6818181818181818
11,1,0.7448486089706421,0.1957828253507614,0.5,0.5454545454545454
11,2,0.7239904999732971,0.1664934754371643,0.5199999809265137,0.5454545454545454
11,3,0.7073016166687012,0.13852593302726746,0.5600000023841858,0.5454545454545454
11,4,0.6947425603866577,0.11474964767694473,0.5400000214576721,0.5454545454545454
11,5,0.6857025623321533,0.09814515709877014,0.5199999809265137,0.6363636363636364
11,6,0.6791428923606873,0.08992981165647507,0.5,0.6363636363636364
11,7,0.6738351583480835,0.08920823037624359,0.5199999809265137,0.7272727272727273
11,8,0.6687554121017456,0.09316170960664749,0.5199999809265137,0.7272727272727273
11,9,0.6632186770439148,0.09893795847892761,0.5799999833106995,0.7272727272727273
11,10,0.6568720936775208,0.10463879257440567,0.5799999833106995,0.7272727272727273
11,11,0.6496315002441406,0.10917627811431885,0.5600000023841858,0.6818181818181818
11,12,0.6416137218475342,0.11198204010725021,0.6000000238418579,0.7272727272727273
11,13,0.6330528259277344,0.11289764940738678,0.6399999856948853,0.7272727272727273
11,14,0.6241639852523804,0.11226488649845123,0.6399999856948853,0.7727272727272727
11,15,0.615057110786438,0.11084026843309402,0.6200000047683716,0.7727272727272727
11,16,0.6058155298233032,0.10938737541437149,0.6800000071525574,0.7727272727272727
11,17,0.5965330004692078,0.10849297791719437,0.6600000262260437,0.7272727272727273
11,18,0.5873092412948608,0.10845541208982468,0.6399999856948853,0.7272727272727273
11,19,0.5782936811447144,0.10919656604528427,0.6800000071525574,0.7272727272727273
11,20,0.5697099566459656,0.11035112291574478,0.6800000071525574,0.7272727272727273
11,21,0.5618014335632324,0.11158192902803421,0.6800000071525574,0.7272727272727273
11,22,0.5545604825019836,0.11294195055961609,0.6800000071525574,0.7272727272727273
11,23,0.5473543405532837,0.11451294273138046,0.6800000071525574,0.7272727272727273
11,24,0.5394266247749329,0.11556894332170486,0.6800000071525574,0.7272727272727273
11,25,0.5306093692779541,0.11498315632343292,0.699999988079071,0.7727272727272727
11,26,0.5212745666503906,0.11213523894548416,0.7400000095367432,0.7727272727272727
11,27,0.5121208429336548,0.10747840255498886,0.7599999904632568,0.7727272727272727
11,28,0.5037912726402283,0.10250256210565567,0.7799999713897705,0.7727272727272727
11,29,0.49635374546051025,0.09841344505548477,0.7799999713897705,0.8181818181818182
11,30,0.4895119071006775,0.09509040415287018,0.7799999713897705,0.8181818181818182
11,31,0.4830431342124939,0.09190747886896133,0.7799999713897705,0.8636363636363636
11,32,0.4768233597278595,0.0884576067328453,0.7799999713897705,0.8181818181818182
11,33,0.4707615375518799,0.08470474183559418,0.7799999713897705,0.8636363636363636
11,34,0.46480846405029297,0.08091112971305847,0.800000011920929,0.8636363636363636
11,35,0.4589522182941437,0.07738932967185974,0.8199999928474426,0.8636363636363636
29,1,0.749308168888092,0.17179274559020996,0.41999998688697815,0.5909090909090909
29,2,0.7321463227272034,0.15456655621528625,0.46000000834465027,0.5909090909090909
29,3,0.7159660458564758,0.14466537535190582,0.47999998927116394,0.5909090909090909
29,4,0.7008618116378784,0.13705585896968842,0.5199999809265137,0.7272727272727273
29,5,0.6866302490234375,0.13253894448280334,0.5199999809265137,0.7272727272727273
29,6,0.6730851531028748,0.1312880963087082,0.5600000023841858,0.7272727272727273
29,7,0.6597191095352173,0.13331513106822968,0.5799999833106995,0.6818181818181818
29,8,0.6459653973579407,0.13765963912010193,0.6000000238418579,0.7727272727272727
29,9,0.6317059397697449,0.14248459041118622,0.5799999833106995,0.8181818181818182
29,10,0.6168712377548218,0.146409273147583,0.6600000262260437,0.7727272727272727
29,11,0.6016883254051208,0.14839664101600647,0.6800000071525574,0.7727272727272727
29,12,0.586612343788147,0.14776071906089783,0.699999988079071,0.8181818181818182
29,13,0.5719232559204102,0.14446508884429932,0.7200000286102295,0.8181818181818182
29,14,0.5581275820732117,0.13884685933589935,0.7599999904632568,0.8181818181818182
29,15,0.5455610156059265,0.13176538050174713,0.7799999713897705,0.7272727272727273
29,16,0.5344208478927612,0.12445446848869324,0.8199999928474426,0.7727272727272727
29,17,0.5248899459838867,0.11827221512794495,0.800000011920929,0.7272727272727273
29,18,0.5167949199676514,0.11418920010328293,0.800000011920929,0.7272727272727273
29,19,0.5100203156471252,0.11259417980909348,0.7799999713897705,0.7272727272727273
29,20,0.5042481422424316,0.11298836767673492,0.7799999713897705,0.7272727272727273
29,21,0.4991348385810852,0.11436338722705841,0.7799999713897705,0.7727272727272727
29,22,0.49428558349609375,0.11547216027975082,0.7799999713897705,0.7727272727272727
29,23,0.48932772874832153,0.11521637439727783,0.7799999713897705,0.7727272727272727
29,24,0.4840780198574066,0.11305471509695053,0.7799999713897705,0.8181818181818182
29,25,0.4785308837890625,0.1089923158288002,0.800000011920929,0.8181818181818182
29,26,0.47278815507888794,0.10338124632835388,0.800000011920929,0.8181818181818182
29,27,0.4670395255088806,0.0967136025428772,0.800000011920929,0.8181818181818182
29,28,0.4615471363067627,0.08966994285583496,0.8199999928474426,0.8636363636363636
29,29,0.45646071434020996,0.08292623609304428,0.800000011920929,0.8636363636363636
29,30,0.45183438062667847,0.07716133445501328,0.8199999928474426,0.8636363636363636
29,31,0.4476640224456787,0.07293522357940674,0.8199999928474426,0.8636363636363636
29,32,0.44385406374931335,0.07040584087371826,0.800000011920929,0.8636363636363636
29,33,0.44028714299201965,0.0694725438952446,0.800000011920929,0.8181818181818182
29,34,0.4368419349193573,0.06981507688760757,0.8199999928474426,0.8181818181818182
29,35,0.4333263039588928,0.07051873952150345,0.8199999928474426,0.7727272727272727
